{"epoch/val_loss":0.6858786940574646,"test_accuracy":0.49404761904761907,"epoch/val_accuracy":0.544910192489624,"_wandb":{"runtime":35},"epoch/learning_rate":9.999999747378752e-05,"auc_avg":0.7806969346443031,"test_roc_auc":0.7649893692416726,"train_time_sec":34.577372550964355,"epoch/AUC":0.6310852766036987,"epoch/val_AUC":0.7241902947425842,"epoch/loss":0.6772267818450928,"label0_rate":0.5479820627802691,"num_samples":1115,"auc_std":0.0014049278259718025,"all_zero_tda":0,"_timestamp":1.760977043032371e+09,"_step":10,"test_auc":0.6677533984184265,"all_zero_raw":0,"_runtime":35,"epoch/epoch":9,"test_loss":0.7005146741867065,"epoch/accuracy":0.5602564215660095,"label1_rate":0.45201793721973094}