{"all_zero_raw":48,"_runtime":36,"epoch/val_loss":0.6893116235733032,"test_auc":0.5,"auc_std":0.008071322090317896,"epoch/accuracy":0.5384615659713745,"test_roc_auc":0.5160170092133239,"epoch/val_accuracy":0.5508981943130493,"train_time_sec":35.87491989135742,"auc_avg":0.6769927536231883,"num_samples":1115,"epoch/loss":0.6905597448348999,"test_accuracy":0.5059523809523809,"epoch/learning_rate":9.999999747378752e-05,"label1_rate":0.46457399103139013,"label0_rate":0.5354260089686098,"test_loss":0.6934986710548401,"all_zero_tda":34,"epoch/AUC":0.5226190090179443,"epoch/val_AUC":0.5373188257217407,"epoch/epoch":9,"_step":10,"_wandb":{"runtime":36},"_timestamp":1.7609768197466033e+09}