{"_wandb":{"runtime":36},"_step":10,"epoch/AUC":0.6043497920036316,"test_roc_auc":0.567771298535059,"auc_avg":0.715819695664657,"all_zero_tda":2,"_runtime":36,"auc_std":0.029753859522848116,"_timestamp":1.760976263086664e+09,"test_auc":0.5401080846786499,"all_zero_raw":4,"epoch/val_AUC":0.6696812510490417,"epoch/loss":0.6784549951553345,"test_accuracy":0.5595238095238095,"epoch/val_accuracy":0.6107784509658813,"epoch/learning_rate":9.999999747378752e-05,"test_loss":0.6926999688148499,"num_samples":1115,"epoch/accuracy":0.5641025900840759,"label1_rate":0.5022421524663677,"label0_rate":0.4977578475336323,"train_time_sec":35.53122687339783,"epoch/val_loss":0.6904585361480713,"epoch/epoch":9}