{"_wandb":{"runtime":35},"_runtime":35,"test_roc_auc":0.6223865737448443,"test_loss":0.6825849413871765,"auc_avg":0.6197530864197531,"num_samples":1115,"epoch/val_AUC":0.6216623783111572,"label0_rate":0.4977578475336323,"epoch/accuracy":0.6025640964508057,"epoch/epoch":9,"_timestamp":1.7609774532046828e+09,"auc_std":0.0013989006850508045,"epoch/AUC":0.6457669138908386,"epoch/learning_rate":9.999999747378752e-05,"train_time_sec":34.805928468704224,"all_zero_raw":5,"epoch/loss":0.6641865968704224,"epoch/val_accuracy":0.56886225938797,"test_accuracy":0.5476190476190477,"epoch/val_loss":0.6720440983772278,"test_auc":0.6201820373535156,"_step":10,"all_zero_tda":2,"label1_rate":0.5022421524663677}