{"runtime/train_time_sec":34.64031958580017,"_step":10,"epoch/learning_rate":9.999999747378752e-05,"epoch/loss":0.676880955696106,"epoch/val_accuracy":0.514970064163208,"_wandb":{"runtime":35},"epoch/val_loss":0.693652868270874,"dataset/all_zero_raw":48,"validation/auc_mean":0.5045076083835773,"_runtime":35,"test/loss":0.6912726163864136,"test/roc_auc":0.48314606741573035,"epoch/epoch":9,"epoch/accuracy":0.620512843132019,"dataset/all_zero_tda":34,"test/auc_keras":0.48705726861953735,"dataset/num_samples":1115,"dataset/label0_rate":0.4977578475336323,"_timestamp":1.7609793437255495e+09,"test/accuracy":0.5297619047619048,"validation/auc_std":0.015794403618104188,"epoch/AUC":0.6216734647750854,"dataset/label1_rate":0.5022421524663677,"epoch/val_AUC":0.4879414439201355}