{"dataset/label0_rate":0.4977578475336323,"test/loss":0.6897446513175964,"dataset/num_samples":1115,"dataset/all_zero_tda":2,"epoch/val_AUC":0.6721217036247253,"epoch/epoch":9,"_timestamp":1.760978319193651e+09,"validation/auc_std":0.014803160345397349,"dataset/label1_rate":0.5022421524663677,"epoch/val_loss":0.681530237197876,"validation/auc_mean":0.6756962388745336,"_step":10,"epoch/AUC":0.6069965958595276,"test/roc_auc":0.6725928032996727,"epoch/learning_rate":9.999999747378752e-05,"epoch/accuracy":0.5679486989974976,"_wandb":{"runtime":35},"test/accuracy":0.5833333333333334,"epoch/val_accuracy":0.5928143858909607,"dataset/all_zero_raw":4,"runtime/train_time_sec":34.96874213218689,"_runtime":35,"epoch/loss":0.6749970316886902,"test/auc_keras":0.6639881134033203}