{"epoch/epoch":9,"test_loss":0.6930304765701294,"epoch/AUC":0.6140391230583191,"epoch/val_AUC":0.5781653523445129,"_wandb":{"runtime":35},"test_accuracy":0.5,"_step":10,"all_zero_raw":213,"train_time_sec":34.12414622306824,"epoch/val_loss":0.6916815638542175,"epoch/learning_rate":9.999999747378752e-05,"test_auc":0.5099559426307678,"test_roc_auc":0.50760915943678,"_timestamp":1.7609764867331865e+09,"label1_rate":0.5022421524663677,"all_zero_tda":172,"auc_avg":0.5558354866494402,"epoch/loss":0.6839886903762817,"auc_std":0.02078181105707343,"num_samples":1115,"label0_rate":0.4977578475336323,"_runtime":35,"epoch/val_accuracy":0.5209580659866333,"epoch/accuracy":0.5346153974533081}