{"epoch/epoch":9,"dataset/label1_rate":0.5022421524663677,"runtime/train_time_sec":35.58587169647217,"_wandb":{"runtime":37},"test/loss":0.6824469566345215,"validation/auc_mean":0.703832902670112,"_step":10,"test/auc_keras":0.767031729221344,"test/accuracy":0.6607142857142857,"dataset/all_zero_raw":0,"dataset/label0_rate":0.4977578475336323,"validation/auc_std":0.10097223918693221,"_runtime":37,"dataset/num_samples":1115,"test/roc_auc":0.7734319442469066,"_timestamp":1.7609780571933217e+09,"epoch/val_AUC":0.7472723722457886,"dataset/all_zero_tda":0,"epoch/accuracy":0.6102564334869385,"epoch/AUC":0.6799145340919495,"epoch/learning_rate":9.999999747378752e-05,"epoch/loss":0.6805486679077148,"epoch/val_accuracy":0.688622772693634,"epoch/val_loss":0.6795221567153931}