{"epoch/val_loss":0.6892163157463074,"test/accuracy":0.5059523809523809,"dataset/label0_rate":0.5354260089686098,"test/auc_keras":0.5746988654136658,"epoch/accuracy":0.5384615659713745,"dataset/all_zero_tda":0,"test/loss":0.6936472058296204,"_wandb":{"runtime":34},"dataset/all_zero_raw":0,"epoch/epoch":9,"_runtime":34,"validation/auc_mean":0.5273840579710145,"epoch/loss":0.6905498504638672,"dataset/num_samples":1115,"_step":10,"runtime/train_time_sec":33.383185625076294,"_timestamp":1.7609795272036421e+09,"epoch/val_accuracy":0.5508981943130493,"test/roc_auc":0.4955350815024805,"epoch/AUC":0.5008399486541748,"validation/auc_std":0.008476802178491755,"dataset/label1_rate":0.46457399103139013,"epoch/val_AUC":0.52492755651474,"epoch/learning_rate":9.999999747378752e-05}