{"dataset/all_zero_raw":48,"runtime/train_time_sec":33.25029897689819,"dataset/num_samples":1115,"dataset/label1_rate":0.46457399103139013,"dataset/all_zero_tda":34,"_wandb":{"runtime":34},"epoch/loss":0.6899601817131042,"test/auc_keras":0.4877392053604126,"epoch/accuracy":0.5384615659713745,"_timestamp":1.7609797412773545e+09,"epoch/val_accuracy":0.5508981943130493,"_runtime":34,"epoch/learning_rate":9.999999747378752e-05,"epoch/epoch":9,"test/loss":0.6937445402145386,"epoch/val_loss":0.6887431740760803,"validation/auc_std":0.010532814967344425,"test/roc_auc":0.5046066619418852,"validation/auc_mean":0.5345289855072464,"_step":10,"dataset/label0_rate":0.5354260089686098,"epoch/val_AUC":0.5488405227661133,"test/accuracy":0.5059523809523809,"epoch/AUC":0.5412136316299438}