{"dataset/all_zero_raw":48,"validation/auc_mean":0.42639247774906697,"validation/auc_std":0.004848150288699034,"dataset/all_zero_tda":34,"test/roc_auc":0.5154316597923482,"dataset/num_samples":1115,"_wandb":{"runtime":35},"epoch/val_accuracy":0.46706587076187134,"runtime/train_time_sec":34.61117720603943,"dataset/label1_rate":0.5022421524663677,"dataset/label0_rate":0.4977578475336323,"epoch/val_loss":0.6944476962089539,"_timestamp":1.760978463177514e+09,"epoch/val_AUC":0.430160790681839,"epoch/learning_rate":9.999999747378752e-05,"_step":10,"test/accuracy":0.5535714285714286,"epoch/accuracy":0.5884615182876587,"_runtime":35,"epoch/epoch":9,"epoch/loss":0.66458660364151,"epoch/AUC":0.6298405528068542,"test/auc_keras":0.5316455364227295,"test/loss":0.6903809309005737}