{"epoch/epoch":9,"all_zero_tda":133,"epoch/val_accuracy":0.514970064163208,"epoch/accuracy":0.5769230723381042,"_timestamp":1.7609764504749918e+09,"epoch/val_AUC":0.502081573009491,"test_loss":0.6902157068252563,"auc_std":0.006664017617186792,"_runtime":36,"epoch/learning_rate":9.999999747378752e-05,"test_accuracy":0.5297619047619048,"epoch/val_loss":0.6910027861595154,"_wandb":{"runtime":36},"epoch/loss":0.6589988470077515,"auc_avg":0.5026844674131496,"label1_rate":0.5022421524663677,"num_samples":1115,"test_auc":0.5342766642570496,"train_time_sec":35.056645154953,"_step":10,"label0_rate":0.4977578475336323,"test_roc_auc":0.5020622955482862,"all_zero_raw":168,"epoch/AUC":0.6214598417282104}