{"validation/auc_mean":0.6528423772609819,"epoch/epoch":9,"epoch/val_AUC":0.6641544103622437,"dataset/num_samples":1115,"epoch/val_loss":0.682806670665741,"epoch/accuracy":0.5769230723381042,"dataset/label1_rate":0.5022421524663677,"epoch/loss":0.6768776774406433,"epoch/learning_rate":9.999999747378752e-05,"dataset/label0_rate":0.4977578475336323,"test/accuracy":0.5595238095238095,"_wandb":{"runtime":35},"validation/auc_std":0.016048689325580352,"dataset/all_zero_raw":4,"_runtime":35,"test/roc_auc":0.6421561655525531,"_step":10,"epoch/val_accuracy":0.628742516040802,"test/loss":0.6895728707313538,"dataset/all_zero_tda":2,"test/auc_keras":0.6243777871131897,"epoch/AUC":0.6122900247573853,"_timestamp":1.760978129465948e+09,"runtime/train_time_sec":34.449871301651}