{"epoch/learning_rate":9.999999747378752e-05,"_wandb":{"runtime":35},"num_samples":1115,"label1_rate":0.5022421524663677,"_timestamp":1.7609765229077563e+09,"epoch/val_loss":0.6876029968261719,"all_zero_raw":427,"epoch/epoch":9,"epoch/AUC":0.6353937387466431,"test_accuracy":0.47619047619047616,"test_loss":0.6945183873176575,"epoch/val_accuracy":0.5329341292381287,"train_time_sec":34.33548164367676,"all_zero_tda":382,"label0_rate":0.4977578475336323,"auc_avg":0.5611972437553833,"test_roc_auc":0.49018631773574173,"auc_std":0.0031477720563404497,"epoch/loss":0.6718461513519287,"epoch/accuracy":0.5807692408561707,"test_auc":0.4837149679660797,"_runtime":35,"epoch/val_AUC":0.5565604567527771,"_step":10}