{"epoch/epoch":9,"dataset/num_samples":1115,"test/roc_auc":0.6215332100696914,"_timestamp":1.760978391133698e+09,"_wandb":{"runtime":35},"validation/auc_mean":0.6181524547803617,"test/auc_keras":0.6153463125228882,"dataset/all_zero_tda":2,"epoch/loss":0.6657487154006958,"test/loss":0.6839195489883423,"dataset/label1_rate":0.5022421524663677,"epoch/val_accuracy":0.5508981943130493,"epoch/val_loss":0.6732572317123413,"epoch/AUC":0.6499457359313965,"test/accuracy":0.5416666666666666,"_runtime":35,"validation/auc_std":0.003704489552891594,"_step":10,"dataset/all_zero_raw":5,"dataset/label0_rate":0.4977578475336323,"epoch/learning_rate":9.999999747378752e-05,"runtime/train_time_sec":34.59226441383362,"epoch/val_AUC":0.6215187907218933,"epoch/accuracy":0.5923076868057251}