{"test/accuracy":0.49404761904761907,"_runtime":35,"_step":10,"_timestamp":1.7609792356639569e+09,"test/roc_auc":0.5370502062295548,"dataset/label0_rate":0.4977578475336323,"epoch/accuracy":0.5923076868057251,"validation/auc_std":0.004690276409949559,"dataset/num_samples":1115,"_wandb":{"runtime":35},"epoch/epoch":9,"test/auc_keras":0.5145782828330994,"dataset/all_zero_raw":0,"runtime/train_time_sec":34.312787771224976,"test/loss":0.6921771168708801,"epoch/val_accuracy":0.5029940009117126,"dataset/label1_rate":0.5022421524663677,"dataset/all_zero_tda":0,"epoch/val_loss":0.6780117750167847,"epoch/learning_rate":9.999999747378752e-05,"epoch/val_AUC":0.5997703075408936,"epoch/AUC":0.6484498381614685,"epoch/loss":0.6754653453826904,"validation/auc_mean":0.6056703990812518}