{"epoch/val_accuracy":0.5508981943130493,"_wandb":{"runtime":36},"epoch/AUC":0.6351636052131653,"dataset/all_zero_raw":427,"test/roc_auc":0.4879106812686673,"dataset/all_zero_tda":382,"runtime/train_time_sec":35.44601249694824,"_timestamp":1.7609794559567678e+09,"validation/auc_std":0.002286258863234972,"epoch/learning_rate":9.999999747378752e-05,"test/auc_keras":0.48485279083251953,"dataset/label1_rate":0.5022421524663677,"_runtime":36,"epoch/accuracy":0.5846154093742371,"epoch/val_AUC":0.5587137937545776,"dataset/label0_rate":0.4977578475336323,"test/accuracy":0.5416666666666666,"dataset/num_samples":1115,"test/loss":0.6921622157096863,"epoch/val_loss":0.6885401606559753,"epoch/epoch":9,"_step":10,"validation/auc_mean":0.5548952052828021,"epoch/loss":0.67149418592453}