{"epoch/accuracy":0.5551282167434692,"validation/auc_mean":0.623011771461384,"_runtime":35,"_step":10,"epoch/epoch":9,"epoch/AUC":0.6471018195152283,"dataset/label1_rate":0.5022421524663677,"epoch/loss":0.6675214171409607,"dataset/label0_rate":0.4977578475336323,"_timestamp":1.76097782933517e+09,"test/auc_keras":0.610937237739563,"epoch/val_loss":0.6736873984336853,"dataset/all_zero_tda":2,"epoch/val_AUC":0.6277634501457214,"test/roc_auc":0.6111506186886645,"test/loss":0.6873743534088135,"runtime/train_time_sec":34.54598331451416,"dataset/all_zero_raw":5,"dataset/num_samples":1115,"test/accuracy":0.5714285714285714,"_wandb":{"runtime":35},"epoch/val_accuracy":0.5628742575645447,"epoch/learning_rate":9.999999747378752e-05,"validation/auc_std":0.0024238599448288085}