{"_step":10,"all_zero_tda":34,"epoch/val_loss":0.6934529542922974,"label0_rate":0.4977578475336323,"auc_avg":0.4443511340798163,"_runtime":37,"epoch/val_AUC":0.4425782263278961,"all_zero_raw":48,"epoch/accuracy":0.5871794819831848,"label1_rate":0.5022421524663677,"train_time_sec":36.34797787666321,"test_auc":0.5391836166381836,"num_samples":1115,"_timestamp":1.760976413449146e+09,"_wandb":{"runtime":37},"auc_std":0.0022611641961072944,"epoch/epoch":9,"test_accuracy":0.5357142857142857,"epoch/learning_rate":9.999999747378752e-05,"epoch/AUC":0.6328687071800232,"epoch/loss":0.6718509197235107,"test_loss":0.6907808184623718,"test_roc_auc":0.5672023894182905,"epoch/val_accuracy":0.455089807510376}