{"runtime/train_time_sec":31.965248823165894,"validation/auc_mean":0.6183550724637681,"test/accuracy":0.5059523809523809,"validation/auc_std":0.0011370348020825283,"dataset/label1_rate":0.46457399103139013,"epoch/epoch":9,"_runtime":32,"epoch/learning_rate":9.999999747378752e-05,"dataset/label0_rate":0.5354260089686098,"_wandb":{"runtime":32},"epoch/loss":0.6903786659240723,"epoch/val_loss":0.6889850497245789,"dataset/num_samples":1115,"epoch/accuracy":0.5384615659713745,"test/roc_auc":0.5303330970942594,"dataset/all_zero_tda":172,"dataset/all_zero_raw":213,"epoch/AUC":0.5344246029853821,"_step":10,"test/auc_keras":0.5206236839294434,"epoch/val_accuracy":0.5508981943130493,"test/loss":0.6931413412094116,"epoch/val_AUC":0.5595651865005493,"_timestamp":1.7609798109297585e+09}