{"dataset/num_samples":1115,"epoch/AUC":0.6617820262908936,"dataset/all_zero_tda":0,"test/loss":0.6854560971260071,"test/roc_auc":0.7124164414734746,"epoch/accuracy":0.5435897707939148,"validation/auc_mean":0.7250789549239163,"epoch/loss":0.6729205846786499,"epoch/val_loss":0.6712988018989563,"epoch/epoch":9,"_runtime":34,"_wandb":{"runtime":34},"test/auc_keras":0.6975536942481995,"_timestamp":1.7609780931895926e+09,"test/accuracy":0.6488095238095238,"epoch/val_accuracy":0.6347305178642273,"epoch/learning_rate":9.999999747378752e-05,"runtime/train_time_sec":34.18614983558655,"dataset/label0_rate":0.4977578475336323,"_step":10,"dataset/label1_rate":0.5022421524663677,"dataset/all_zero_raw":0,"validation/auc_std":0.0015346899397859755,"epoch/val_AUC":0.7234423756599426}