{"epoch/val_AUC":0.6321573257446289,"label1_rate":0.45201793721973094,"epoch/val_loss":0.6822296977043152,"_step":10,"auc_std":0.012078984197519219,"epoch/accuracy":0.5602564215660095,"all_zero_raw":0,"num_samples":1115,"epoch/learning_rate":9.999999747378752e-05,"test_roc_auc":0.5312544294826365,"all_zero_tda":0,"test_accuracy":0.49404761904761907,"auc_avg":0.6661509543088491,"label0_rate":0.5479820627802691,"epoch/val_accuracy":0.544910192489624,"train_time_sec":35.323235511779785,"_wandb":{"runtime":36},"_runtime":36,"test_auc":0.5276399850845337,"epoch/AUC":0.6136792302131653,"_timestamp":1.760977192812886e+09,"epoch/loss":0.6761486530303955,"epoch/epoch":9,"test_loss":0.703009843826294}