{"validation/auc_mean":0.7465116279069767,"epoch/loss":0.6762778162956238,"dataset/label0_rate":0.4977578475336323,"epoch/AUC":0.6796777248382568,"epoch/val_AUC":0.7520097494125366,"dataset/label1_rate":0.5022421524663677,"dataset/all_zero_raw":0,"epoch/accuracy":0.5666666626930237,"epoch/val_loss":0.6751762628555298,"_step":10,"dataset/all_zero_tda":0,"test/auc_keras":0.7763475775718689,"runtime/train_time_sec":37.43094825744629,"validation/auc_std":0.006193104168465198,"test/loss":0.6799445152282715,"test/roc_auc":0.7825344901152042,"test/accuracy":0.6845238095238095,"_wandb":{"runtime":39},"epoch/epoch":9,"_timestamp":1.760978886942666e+09,"_runtime":39,"dataset/num_samples":1115,"epoch/val_accuracy":0.5928143858909607,"epoch/learning_rate":9.999999747378752e-05}