{"test/accuracy":0.5059523809523809,"_wandb":{"runtime":35},"_timestamp":1.760979633201345e+09,"epoch/loss":0.6904169917106628,"dataset/num_samples":1115,"epoch/learning_rate":9.999999747378752e-05,"epoch/val_loss":0.6896181106567383,"_step":10,"validation/auc_std":0.01464987474614425,"validation/auc_mean":0.5617173913043478,"epoch/val_AUC":0.5280435085296631,"epoch/val_accuracy":0.5508981943130493,"test/roc_auc":0.4667611622962438,"dataset/label0_rate":0.5354260089686098,"dataset/all_zero_tda":0,"epoch/epoch":9,"test/loss":0.6935648918151855,"test/auc_keras":0.4939759075641632,"epoch/AUC":0.5387532711029053,"runtime/train_time_sec":34.16094350814819,"dataset/label1_rate":0.46457399103139013,"epoch/accuracy":0.5384615659713745,"dataset/all_zero_raw":0,"_runtime":35}