{"epoch/epoch":9,"dataset/all_zero_tda":0,"dataset/all_zero_raw":0,"epoch/accuracy":0.571794867515564,"epoch/AUC":0.6358638405799866,"epoch/loss":0.6667147874832153,"test/loss":0.6916916966438293,"test/auc_keras":0.5723937153816223,"runtime/train_time_sec":33.73769569396973,"dataset/label0_rate":0.4977578475336323,"dataset/label1_rate":0.5022421524663677,"validation/auc_mean":0.5276342233706574,"epoch/val_accuracy":0.49700599908828735,"epoch/val_loss":0.6813149452209473,"_wandb":{"runtime":34},"_runtime":34,"_step":10,"validation/auc_std":0.011215816806951866,"_timestamp":1.7609793073404264e+09,"dataset/num_samples":1115,"epoch/val_AUC":0.5358168482780457,"test/accuracy":0.5773809523809523,"epoch/learning_rate":9.999999747378752e-05,"test/roc_auc":0.557388707154032}