{"dataset/num_samples":1115,"epoch/val_loss":0.6808227300643921,"validation/auc_std":0.03146502455543361,"dataset/all_zero_tda":0,"test/accuracy":0.6488095238095238,"dataset/label1_rate":0.5022421524663677,"epoch/val_AUC":0.7434682846069336,"validation/auc_mean":0.7215690496698248,"epoch/epoch":9,"epoch/learning_rate":9.999999747378752e-05,"dataset/all_zero_raw":0,"test/auc_keras":0.7833167314529419,"runtime/train_time_sec":36.29395079612732,"_timestamp":1.7609776855327938e+09,"_wandb":{"runtime":38},"test/loss":0.6827567219734192,"test/roc_auc":0.7781254444602475,"epoch/accuracy":0.6384615302085876,"dataset/label0_rate":0.4977578475336323,"epoch/val_accuracy":0.688622772693634,"_runtime":38,"epoch/AUC":0.6856287717819214,"epoch/loss":0.6821444630622864,"_step":10}