{"label0_rate":0.5354260089686098,"epoch/val_accuracy":0.5508981943130493,"num_samples":1115,"_timestamp":1.7609767080135245e+09,"_step":10,"epoch/epoch":9,"test_roc_auc":0.5044649184975195,"epoch/loss":0.6906094551086426,"epoch/val_loss":0.6892692446708679,"epoch/val_AUC":0.5,"all_zero_tda":0,"test_accuracy":0.5059523809523809,"_runtime":36,"epoch/AUC":0.488095223903656,"test_loss":0.6937512159347534,"label1_rate":0.46457399103139013,"epoch/accuracy":0.5384615659713745,"epoch/learning_rate":9.999999747378752e-05,"auc_avg":0.5181304347826087,"auc_std":0.00640030258158906,"_wandb":{"runtime":36},"all_zero_raw":0,"test_auc":0.5,"train_time_sec":35.274261236190796}