{"test_roc_auc":0.7068695775849808,"test_auc":0.6829042434692383,"epoch/val_AUC":0.7321992516517639,"epoch/accuracy":0.5192307829856873,"test_accuracy":0.6488095238095238,"num_samples":1115,"epoch/loss":0.6742876172065735,"epoch/epoch":9,"all_zero_tda":0,"all_zero_raw":0,"_wandb":{"runtime":33},"test_loss":0.6864904761314392,"_step":10,"train_time_sec":33.27978277206421,"_runtime":33,"auc_avg":0.7300890037324147,"epoch/learning_rate":9.999999747378752e-05,"epoch/AUC":0.6586289405822754,"epoch/val_accuracy":0.6107784509658813,"label0_rate":0.4977578475336323,"epoch/val_loss":0.6721104979515076,"_timestamp":1.7609773436133213e+09,"auc_std":0.000675773890091267,"label1_rate":0.5022421524663677}