{"_step":10,"label0_rate":0.4977578475336323,"label1_rate":0.5022421524663677,"_timestamp":1.7609763001287e+09,"auc_avg":0.631711168532874,"epoch/epoch":9,"num_samples":1115,"_wandb":{"runtime":35},"epoch/val_loss":0.6865180730819702,"test_loss":0.6932802796363831,"test_auc":0.5108092427253723,"test_roc_auc":0.5053335229697056,"epoch/val_accuracy":0.514970064163208,"test_accuracy":0.5178571428571429,"all_zero_raw":0,"epoch/AUC":0.6303534507751465,"epoch/learning_rate":9.999999747378752e-05,"epoch/accuracy":0.5756410360336304,"train_time_sec":35.30678081512451,"epoch/loss":0.6792442798614502,"auc_std":0.007905730318467204,"epoch/val_AUC":0.6271892189979553,"_runtime":35,"all_zero_tda":0}