{"epoch/val_loss":0.6816461682319641,"test/loss":0.6931159496307373,"epoch/learning_rate":9.999999747378752e-05,"epoch/epoch":9,"dataset/label1_rate":0.5022421524663677,"_runtime":34,"epoch/AUC":0.637494683265686,"dataset/all_zero_raw":0,"_wandb":{"runtime":34},"validation/auc_std":0.0018700131249815115,"dataset/all_zero_tda":0,"runtime/train_time_sec":33.969218015670776,"_step":10,"epoch/val_AUC":0.5360321998596191,"epoch/loss":0.6694818735122681,"epoch/val_accuracy":0.514970064163208,"validation/auc_mean":0.5361900660350274,"dataset/num_samples":1115,"dataset/label0_rate":0.4977578475336323,"epoch/accuracy":0.5615384578704834,"test/auc_keras":0.5460104942321777,"_timestamp":1.7609784268277614e+09,"test/accuracy":0.5178571428571429,"test/roc_auc":0.550704025032001}