{"epoch/val_AUC":0.5765217542648315,"test/accuracy":0.5059523809523809,"epoch/epoch":9,"epoch/val_loss":0.6867720484733582,"_timestamp":1.760978678805579e+09,"epoch/loss":0.6867462396621704,"runtime/train_time_sec":35.02816581726074,"dataset/num_samples":1115,"dataset/label0_rate":0.5354260089686098,"test/loss":0.6957815885543823,"dataset/all_zero_raw":0,"epoch/learning_rate":9.999999747378752e-05,"dataset/all_zero_tda":0,"_step":10,"validation/auc_mean":0.5813768115942028,"validation/auc_std":0.0020063436467408634,"dataset/label1_rate":0.46457399103139013,"epoch/AUC":0.5921725630760193,"epoch/accuracy":0.557692289352417,"_wandb":{"runtime":35},"_runtime":35,"epoch/val_accuracy":0.5508981943130493,"test/auc_keras":0.46052446961402893,"test/roc_auc":0.440822111977321}