{"_runtime":36,"dataset/all_zero_tda":0,"_wandb":{"runtime":36},"test/auc_keras":0.6775707006454468,"_timestamp":1.7609782824195037e+09,"validation/auc_std":0.14207161927146053,"dataset/all_zero_raw":0,"test/accuracy":0.6130952380952381,"test/roc_auc":0.711847532356706,"dataset/num_samples":1115,"epoch/epoch":9,"epoch/val_accuracy":0.6167664527893066,"epoch/learning_rate":9.999999747378752e-05,"epoch/val_AUC":0.7354292273521423,"epoch/accuracy":0.5923076868057251,"epoch/val_loss":0.6834308505058289,"dataset/label0_rate":0.4977578475336323,"runtime/train_time_sec":35.38306522369385,"epoch/loss":0.6845525503158569,"test/loss":0.6893486976623535,"_step":10,"epoch/AUC":0.654640793800354,"dataset/label1_rate":0.5022421524663677,"validation/auc_mean":0.6719638242894057}