{"test/roc_auc":0.714692077940549,"epoch/accuracy":0.5333333611488342,"validation/auc_mean":0.7310364628194086,"dataset/num_samples":1115,"epoch/epoch":9,"_timestamp":1.7609791635186837e+09,"runtime/train_time_sec":36.423588037490845,"dataset/all_zero_tda":0,"_step":10,"validation/auc_std":0.0015004011059952668,"dataset/all_zero_raw":0,"epoch/learning_rate":9.999999747378752e-05,"_runtime":37,"dataset/label0_rate":0.4977578475336323,"epoch/val_loss":0.6743643879890442,"epoch/loss":0.6744272112846375,"test/accuracy":0.6607142857142857,"test/loss":0.687060534954071,"dataset/label1_rate":0.5022421524663677,"test/auc_keras":0.6951358318328857,"epoch/val_AUC":0.7327735424041748,"epoch/AUC":0.6590695381164551,"_wandb":{"runtime":37},"epoch/val_accuracy":0.6227545142173767}