{"epoch/val_AUC":0.6803043484687805,"all_zero_raw":4,"_step":10,"auc_std":0.006381025692120199,"test_loss":0.6897557377815247,"num_samples":1115,"epoch/val_accuracy":0.5568862557411194,"test_roc_auc":0.7067273503057888,"test_auc":0.6964158415794373,"epoch/loss":0.6766409873962402,"_wandb":{"runtime":35},"epoch/accuracy":0.5589743852615356,"test_accuracy":0.6369047619047619,"auc_avg":0.6875610106230261,"_runtime":35,"epoch/epoch":9,"epoch/AUC":0.6137332916259766,"label0_rate":0.4977578475336323,"_timestamp":1.7609773798401992e+09,"label1_rate":0.5022421524663677,"epoch/learning_rate":9.999999747378752e-05,"epoch/val_loss":0.6813110709190369,"all_zero_tda":2,"train_time_sec":34.4007511138916}