{"epoch/epoch":9,"label1_rate":0.5022421524663677,"test_loss":0.6925070285797119,"all_zero_raw":503,"label0_rate":0.4977578475336323,"num_samples":1115,"test_auc":0.5460816025733948,"epoch/learning_rate":9.999999747378752e-05,"epoch/loss":0.6894216537475586,"epoch/val_accuracy":0.38323354721069336,"epoch/val_loss":0.6944165229797363,"_runtime":35,"_step":10,"test_roc_auc":0.5655667757075807,"epoch/val_AUC":0.407694548368454,"auc_avg":0.3693654895205283,"epoch/accuracy":0.5307692289352417,"_wandb":{"runtime":35},"auc_std":0.0018870716882176367,"test_accuracy":0.5595238095238095,"_timestamp":1.7609765591884534e+09,"all_zero_tda":465,"epoch/AUC":0.5880453586578369,"train_time_sec":34.402931213378906}