{"epoch/learning_rate":9.999999747378752e-05,"_step":10,"dataset/label0_rate":0.5479820627802691,"epoch/AUC":0.6570608019828796,"validation/auc_std":0.001284838628775188,"epoch/val_loss":0.6574057340621948,"dataset/label1_rate":0.45201793721973094,"epoch/epoch":9,"test/auc_keras":0.7588235139846802,"_timestamp":1.7609799529877796e+09,"_wandb":{"runtime":34},"_runtime":34,"test/loss":0.6804990172386169,"dataset/all_zero_raw":0,"validation/auc_mean":0.7965876229034123,"test/roc_auc":0.7627214741318213,"epoch/loss":0.6640342473983765,"runtime/train_time_sec":33.8644015789032,"epoch/val_accuracy":0.544910192489624,"dataset/num_samples":1115,"dataset/all_zero_tda":0,"test/accuracy":0.49404761904761907,"epoch/accuracy":0.5602564215660095,"epoch/val_AUC":0.7972816824913025}