{"dataset/all_zero_tda":0,"dataset/num_samples":1115,"epoch/val_AUC":0.5966120958328247,"_timestamp":1.760978354800651e+09,"test/loss":0.6913352608680725,"epoch/learning_rate":9.999999747378752e-05,"epoch/epoch":9,"epoch/AUC":0.6439092755317688,"epoch/val_accuracy":0.49700599908828735,"dataset/label0_rate":0.4977578475336323,"epoch/val_loss":0.6776787042617798,"validation/auc_mean":0.5977174849267872,"test/accuracy":0.5297619047619048,"validation/auc_std":0.0033697390460531314,"test/roc_auc":0.5394680699758213,"_runtime":34,"dataset/label1_rate":0.5022421524663677,"runtime/train_time_sec":33.957088232040405,"_step":10,"_wandb":{"runtime":34},"dataset/all_zero_raw":0,"epoch/accuracy":0.5858974456787109,"test/auc_keras":0.5421703457832336,"epoch/loss":0.6734057068824768}