{"_timestamp":1.7609781673633687e+09,"validation/auc_std":0.006379842758276424,"epoch/val_AUC":0.6265431642532349,"validation/auc_mean":0.6299023830031583,"_step":10,"_runtime":36,"dataset/all_zero_raw":0,"test/roc_auc":0.5356279334376334,"epoch/loss":0.6757609844207764,"runtime/train_time_sec":36.16688942909241,"epoch/val_accuracy":0.5269461274147034,"epoch/learning_rate":9.999999747378752e-05,"test/loss":0.69187992811203,"epoch/accuracy":0.5833333134651184,"epoch/epoch":9,"test/accuracy":0.5238095238095238,"dataset/label1_rate":0.5022421524663677,"dataset/num_samples":1115,"dataset/label0_rate":0.4977578475336323,"test/auc_keras":0.5219740867614746,"_wandb":{"runtime":36},"epoch/val_loss":0.6786310076713562,"dataset/all_zero_tda":0,"epoch/AUC":0.6383297443389893}