{"dataset/all_zero_tda":0,"epoch/val_loss":0.6733853220939636,"dataset/all_zero_raw":0,"test/accuracy":0.7261904761904762,"dataset/label0_rate":0.4977578475336323,"epoch/accuracy":0.5743589997291565,"runtime/train_time_sec":35.60820460319519,"epoch/AUC":0.6874173879623413,"test/auc_keras":0.7775565981864929,"validation/auc_mean":0.749490381854723,"_wandb":{"runtime":37},"epoch/val_AUC":0.7533735036849976,"dataset/label1_rate":0.5022421524663677,"epoch/val_accuracy":0.6227545142173767,"_runtime":37,"epoch/loss":0.6739428639411926,"test/loss":0.6785532832145691,"_timestamp":1.7609787844437969e+09,"validation/auc_std":0.014707233082093506,"test/roc_auc":0.7858057175366234,"epoch/epoch":9,"epoch/learning_rate":9.999999747378752e-05,"_step":10,"dataset/num_samples":1115}