{"_step":10,"label1_rate":0.46457399103139013,"epoch/val_AUC":0.4726811647415161,"epoch/learning_rate":9.999999747378752e-05,"test_accuracy":0.5059523809523809,"_timestamp":1.7609768582067826e+09,"epoch/epoch":9,"all_zero_raw":168,"test_loss":0.6939213871955872,"test_roc_auc":0.5144578313253012,"epoch/AUC":0.5753968358039856,"_runtime":36,"auc_std":0.03177349407030696,"epoch/loss":0.6892822980880737,"epoch/val_accuracy":0.5508981943130493,"epoch/val_loss":0.6893307566642761,"test_auc":0.5142452120780945,"label0_rate":0.5354260089686098,"_wandb":{"runtime":36},"epoch/accuracy":0.5384615659713745,"all_zero_tda":133,"auc_avg":0.4915652173913044,"train_time_sec":35.78741240501404,"num_samples":1115}