{"runtime/train_time_sec":33.78128385543823,"epoch/val_accuracy":0.5508981943130493,"epoch/val_AUC":0.4611594080924988,"_timestamp":1.760978714373381e+09,"dataset/num_samples":1115,"epoch/AUC":0.5490971803665161,"test/auc_keras":0.5240963697433472,"dataset/label0_rate":0.5354260089686098,"epoch/accuracy":0.550000011920929,"dataset/all_zero_tda":2,"epoch/learning_rate":9.999999747378752e-05,"epoch/epoch":9,"dataset/label1_rate":0.46457399103139013,"test/roc_auc":0.5762579730687456,"_runtime":34,"epoch/loss":0.6886106133460999,"_step":10,"validation/auc_std":0.03198429566337401,"test/accuracy":0.5059523809523809,"validation/auc_mean":0.36934782608695654,"_wandb":{"runtime":34},"dataset/all_zero_raw":4,"epoch/val_loss":0.6907521486282349,"test/loss":0.6932246088981628}