{"epoch/AUC":0.611591100692749,"epoch/val_accuracy":0.544910192489624,"train_time_sec":34.140158891677856,"epoch/loss":0.6709132194519043,"_step":10,"epoch/learning_rate":9.999999747378752e-05,"test_roc_auc":0.5625797306874557,"epoch/val_loss":0.6903212070465088,"test_loss":0.7008845210075378,"epoch/accuracy":0.5602564215660095,"num_samples":1115,"label0_rate":0.5479820627802691,"label1_rate":0.45201793721973094,"test_auc":0.5532246828079224,"_wandb":{"runtime":34},"epoch/val_AUC":0.48879408836364746,"all_zero_raw":48,"epoch/epoch":9,"auc_std":0.005204141028460249,"auc_avg":0.48369722382880276,"all_zero_tda":34,"_runtime":34,"test_accuracy":0.49404761904761907,"_timestamp":1.7609772285614874e+09}