{"_step":10,"epoch/loss":0.6844948530197144,"epoch/val_loss":0.6897100806236267,"epoch/val_AUC":0.6739161610603333,"_runtime":41,"epoch/val_accuracy":0.628742516040802,"test_roc_auc":0.739581851799175,"all_zero_raw":0,"epoch/learning_rate":9.999999747378752e-05,"auc_avg":0.7048880275624462,"label0_rate":0.4977578475336323,"test_loss":0.6916405558586121,"train_time_sec":39.9461464881897,"epoch/AUC":0.6318132281303406,"epoch/accuracy":0.5858974456787109,"_wandb":{"runtime":41},"test_auc":0.5387569665908813,"num_samples":1115,"auc_std":0.039396351959166506,"_timestamp":1.760976127130806e+09,"test_accuracy":0.5357142857142857,"all_zero_tda":0,"epoch/epoch":9,"label1_rate":0.5022421524663677}