{"_runtime":37,"validation/auc_std":0.006186928482850688,"epoch/val_loss":0.6782163977622986,"validation/auc_mean":0.7456933677863911,"epoch/val_AUC":0.7486362457275391,"epoch/epoch":9,"test/accuracy":0.7142857142857143,"dataset/all_zero_tda":0,"epoch/val_accuracy":0.6407185792922974,"_step":10,"dataset/label0_rate":0.4977578475336323,"runtime/train_time_sec":35.47575330734253,"epoch/AUC":0.6888607144355774,"test/roc_auc":0.7858057175366235,"epoch/accuracy":0.5782051086425781,"dataset/all_zero_raw":0,"dataset/label1_rate":0.5022421524663677,"epoch/learning_rate":9.999999747378752e-05,"_timestamp":1.7609782453100317e+09,"_wandb":{"runtime":37},"dataset/num_samples":1115,"test/loss":0.6818370223045349,"test/auc_keras":0.774000883102417,"epoch/loss":0.6802243590354919}