{"validation/auc_std":0.12579876423446848,"test/auc_keras":0.7613426446914673,"epoch/val_loss":0.6751440167427063,"dataset/all_zero_raw":0,"epoch/learning_rate":9.999999747378752e-05,"epoch/AUC":0.6798322200775146,"_runtime":39,"epoch/accuracy":0.6320512890815735,"test/roc_auc":0.7707296259422558,"dataset/label0_rate":0.4977578475336323,"_wandb":{"runtime":39},"dataset/label1_rate":0.5022421524663677,"epoch/loss":0.6769136190414429,"test/accuracy":0.6547619047619048,"_timestamp":1.7609789857540214e+09,"_step":10,"test/loss":0.6781978607177734,"dataset/all_zero_tda":0,"epoch/val_AUC":0.7471289038658142,"epoch/epoch":9,"dataset/num_samples":1115,"validation/auc_mean":0.6916092449038186,"epoch/val_accuracy":0.6766467094421387,"runtime/train_time_sec":37.948957681655884}