{"dataset/label1_rate":0.45201793721973094,"epoch/AUC":0.604289174079895,"epoch/val_AUC":0.791208803653717,"test/auc_keras":0.7938341498374939,"dataset/all_zero_raw":4,"test/accuracy":0.49404761904761907,"epoch/accuracy":0.5602564215660095,"validation/auc_mean":0.8083718912666281,"epoch/val_accuracy":0.544910192489624,"_timestamp":1.7609799883453562e+09,"dataset/all_zero_tda":2,"epoch/epoch":9,"epoch/val_loss":0.6748796701431274,"dataset/label0_rate":0.5479820627802691,"_wandb":{"runtime":34},"_step":10,"_runtime":34,"epoch/loss":0.6717925071716309,"test/loss":0.6918912529945374,"dataset/num_samples":1115,"runtime/train_time_sec":33.50020408630371,"test/roc_auc":0.8041105598866052,"epoch/learning_rate":9.999999747378752e-05,"validation/auc_std":0.004890147513022519}