{"epoch/epoch":9,"validation/auc_std":0.017959872656422408,"_timestamp":1.7609795971599512e+09,"dataset/all_zero_raw":4,"_wandb":{"runtime":33},"epoch/accuracy":0.5756410360336304,"dataset/label1_rate":0.46457399103139013,"epoch/AUC":0.5680522322654724,"epoch/val_loss":0.6895219087600708,"epoch/loss":0.6879032850265503,"dataset/all_zero_tda":2,"test/roc_auc":0.6296243798724308,"test/loss":0.693213939666748,"epoch/val_accuracy":0.5508981943130493,"dataset/num_samples":1115,"_runtime":33,"test/auc_keras":0.561941921710968,"dataset/label0_rate":0.5354260089686098,"_step":10,"validation/auc_mean":0.5096231884057971,"runtime/train_time_sec":33.10577583312988,"epoch/val_AUC":0.4992029070854187,"epoch/learning_rate":9.999999747378752e-05,"test/accuracy":0.5059523809523809}