{"epoch/loss":0.690407395362854,"test_accuracy":0.5059523809523809,"num_samples":1115,"auc_avg":0.534963768115942,"epoch/val_loss":0.6895187497138977,"epoch/epoch":9,"epoch/accuracy":0.5384615659713745,"label1_rate":0.46457399103139013,"epoch/val_AUC":0.5068116188049316,"_runtime":34,"test_loss":0.6937986016273499,"epoch/learning_rate":9.999999747378752e-05,"label0_rate":0.5354260089686098,"all_zero_tda":0,"_timestamp":1.7609767819000547e+09,"train_time_sec":33.98403978347778,"_wandb":{"runtime":34},"_step":10,"epoch/AUC":0.5374206304550171,"test_roc_auc":0.4610914245216159,"auc_std":0.02374259079202031,"epoch/val_accuracy":0.5508981943130493,"all_zero_raw":0,"test_auc":0.4353650212287903}