{"epoch/epoch":9,"runtime/train_time_sec":35.88620591163635,"dataset/all_zero_raw":4,"epoch/val_accuracy":0.5329341292381287,"epoch/accuracy":0.5294871926307678,"_wandb":{"runtime":36},"epoch/AUC":0.620772659778595,"test/accuracy":0.5178571428571429,"test/roc_auc":0.7458398520836297,"validation/auc_std":0.022837178144887067,"dataset/label0_rate":0.4977578475336323,"_timestamp":1.7609790611596417e+09,"dataset/label1_rate":0.5022421524663677,"epoch/learning_rate":9.999999747378752e-05,"test/loss":0.6899538040161133,"_runtime":36,"epoch/val_loss":0.6836991906166077,"validation/auc_mean":0.7158340511053689,"epoch/loss":0.6821339130401611,"dataset/all_zero_tda":2,"test/auc_keras":0.7305504083633423,"dataset/num_samples":1115,"epoch/val_AUC":0.7155469655990601,"_step":10}