{"num_samples":1115,"label1_rate":0.45201793721973094,"train_time_sec":33.97634243965149,"epoch/learning_rate":9.999999747378752e-05,"epoch/AUC":0.572372555732727,"epoch/val_accuracy":0.544910192489624,"test_loss":0.6996902823448181,"all_zero_raw":5,"epoch/accuracy":0.5602564215660095,"test_roc_auc":0.7479801559177889,"epoch/val_AUC":0.5824176073074341,"epoch/epoch":9,"_step":10,"all_zero_tda":2,"test_accuracy":0.49404761904761907,"epoch/val_loss":0.6879523992538452,"_timestamp":1.7609771555678632e+09,"_runtime":34,"auc_avg":0.594237998843262,"epoch/loss":0.6837853193283081,"label0_rate":0.5479820627802691,"test_auc":0.518072247505188,"_wandb":{"runtime":34},"auc_std":0.005166239809784294}