{"test/loss":0.6928650140762329,"epoch/epoch":9,"dataset/label1_rate":0.46457399103139013,"epoch/accuracy":0.5384615659713745,"_step":10,"_wandb":{"runtime":34},"dataset/all_zero_raw":5,"epoch/val_loss":0.6908564567565918,"_timestamp":1.760979668911927e+09,"dataset/all_zero_tda":2,"epoch/val_accuracy":0.5508981943130493,"epoch/learning_rate":9.999999747378752e-05,"test/accuracy":0.5059523809523809,"test/auc_keras":0.5,"validation/auc_std":0.014039132753742686,"validation/auc_mean":0.40144927536231884,"_runtime":34,"epoch/val_AUC":0.46739131212234497,"runtime/train_time_sec":34.04666447639465,"dataset/label0_rate":0.5354260089686098,"dataset/num_samples":1115,"epoch/loss":0.6906408071517944,"test/roc_auc":0.7029766123316796,"epoch/AUC":0.546574056148529}