{"runtime/train_time_sec":34.133524894714355,"test/auc_keras":0.6184753179550171,"epoch/AUC":0.6481965184211731,"dataset/label1_rate":0.5022421524663677,"_timestamp":1.7609792718510408e+09,"epoch/val_accuracy":0.5628742575645447,"dataset/all_zero_raw":5,"_step":10,"test/roc_auc":0.6245199829327265,"validation/auc_std":0.0028485332838170383,"dataset/num_samples":1115,"test/loss":0.684886634349823,"dataset/all_zero_tda":2,"test/accuracy":0.5833333333333334,"epoch/learning_rate":9.999999747378752e-05,"epoch/val_loss":0.6743801832199097,"dataset/label0_rate":0.4977578475336323,"_wandb":{"runtime":35},"epoch/loss":0.6674408912658691,"epoch/accuracy":0.5858974456787109,"_runtime":35,"epoch/val_AUC":0.6173557639122009,"validation/auc_mean":0.6210307206431237,"epoch/epoch":9}