{"epoch/val_accuracy":0.5508981943130493,"dataset/num_samples":1115,"test/loss":0.6891133785247803,"test/auc_keras":0.7033849954605103,"epoch/AUC":0.6527108550071716,"dataset/label1_rate":0.5022421524663677,"dataset/label0_rate":0.4977578475336323,"validation/auc_std":0.006725340123379894,"test/accuracy":0.47023809523809523,"epoch/val_AUC":0.7319839000701904,"_runtime":36,"epoch/epoch":9,"test/roc_auc":0.7068695775849808,"epoch/accuracy":0.5038461685180664,"dataset/all_zero_raw":0,"epoch/learning_rate":9.999999747378752e-05,"_timestamp":1.7609789246372216e+09,"epoch/val_loss":0.6775464415550232,"runtime/train_time_sec":35.48218059539795,"epoch/loss":0.6792352199554443,"dataset/all_zero_tda":0,"_wandb":{"runtime":36},"validation/auc_mean":0.7309287970140683,"_step":10}