{"test/loss":0.6924369931221008,"validation/auc_mean":0.5871375251220212,"_timestamp":1.76097853419863e+09,"_wandb":{"runtime":33},"runtime/train_time_sec":32.69102954864502,"test/roc_auc":0.5024889773858626,"dataset/label0_rate":0.4977578475336323,"epoch/val_AUC":0.5831897854804993,"test/auc_keras":0.4890485107898712,"epoch/loss":0.6687690019607544,"epoch/val_loss":0.6888146996498108,"epoch/epoch":9,"validation/auc_std":0.006833325490778552,"test/accuracy":0.5416666666666666,"epoch/AUC":0.5929607152938843,"dataset/label1_rate":0.5022421524663677,"_runtime":33,"dataset/all_zero_tda":172,"epoch/val_accuracy":0.5628742575645447,"dataset/num_samples":1115,"epoch/learning_rate":9.999999747378752e-05,"_step":10,"epoch/accuracy":0.5692307949066162,"dataset/all_zero_raw":213}