{"auc_std":0.00246850975911871,"_runtime":35,"all_zero_raw":0,"test_accuracy":0.5,"_wandb":{"runtime":35},"_timestamp":1.7609774163830922e+09,"label0_rate":0.4977578475336323,"epoch/val_AUC":0.596683919429779,"epoch/accuracy":0.5782051086425781,"epoch/learning_rate":9.999999747378752e-05,"epoch/loss":0.6791114807128906,"auc_avg":0.598062015503876,"test_loss":0.6918679475784302,"test_auc":0.5260275602340698,"epoch/val_accuracy":0.5029940009117126,"epoch/AUC":0.6454808712005615,"all_zero_tda":0,"epoch/epoch":9,"label1_rate":0.5022421524663677,"_step":10,"num_samples":1115,"train_time_sec":34.52797722816467,"epoch/val_loss":0.6827295422554016,"test_roc_auc":0.5292277058739866}