{"epoch/val_AUC":0.508695662021637,"dataset/label1_rate":0.46457399103139013,"dataset/label0_rate":0.5354260089686098,"test/accuracy":0.5059523809523809,"epoch/learning_rate":9.999999747378752e-05,"_runtime":34,"epoch/val_accuracy":0.5508981943130493,"epoch/val_loss":0.6900514364242554,"test/roc_auc":0.508929836995039,"epoch/AUC":0.5667427182197571,"dataset/all_zero_tda":133,"test/auc_keras":0.5058823823928833,"_step":10,"dataset/all_zero_raw":168,"_wandb":{"runtime":34},"validation/auc_mean":0.48613768115942035,"validation/auc_std":0.018700034594776288,"_timestamp":1.7609797771072633e+09,"runtime/train_time_sec":33.1457793712616,"epoch/epoch":9,"epoch/accuracy":0.5435897707939148,"dataset/num_samples":1115,"test/loss":0.6931855082511902,"epoch/loss":0.6894180178642273}