{"_wandb":{"runtime":34},"epoch/AUC":0.5396726131439209,"dataset/all_zero_raw":427,"dataset/label1_rate":0.46457399103139013,"_runtime":34,"epoch/val_accuracy":0.5508981943130493,"dataset/label0_rate":0.5354260089686098,"validation/auc_mean":0.5390289855072463,"dataset/num_samples":1115,"_timestamp":1.7609798468501186e+09,"epoch/val_loss":0.6899827122688293,"_step":10,"test/roc_auc":0.51268603827073,"runtime/train_time_sec":34.2183837890625,"epoch/learning_rate":9.999999747378752e-05,"epoch/accuracy":0.550000011920929,"epoch/loss":0.6898358464241028,"test/accuracy":0.5059523809523809,"epoch/epoch":9,"test/auc_keras":0.5,"dataset/all_zero_tda":382,"validation/auc_std":0.03915929156052174,"test/loss":0.6934400200843811,"epoch/val_AUC":0.47949275374412537}