{"all_zero_raw":427,"epoch/loss":0.6891998052597046,"epoch/AUC":0.5377348065376282,"epoch/epoch":9,"test_roc_auc":0.5033309709425938,"label1_rate":0.46457399103139013,"_runtime":36,"_timestamp":1.7609769330995336e+09,"_step":10,"epoch/val_accuracy":0.5508981943130493,"all_zero_tda":382,"train_time_sec":35.87394881248474,"epoch/accuracy":0.5602564215660095,"auc_avg":0.5588623188405797,"test_loss":0.6935538649559021,"_wandb":{"runtime":36},"epoch/val_loss":0.6899404525756836,"epoch/val_AUC":0.47949275374412537,"epoch/learning_rate":9.999999747378752e-05,"num_samples":1115,"label0_rate":0.5354260089686098,"auc_std":0.022572668480240414,"test_auc":0.5,"test_accuracy":0.5059523809523809}