{"validation/auc_mean":0.7235142118863049,"_runtime":37,"validation/auc_std":0.03193646800215757,"epoch/AUC":0.652566134929657,"test/auc_keras":0.6810553073883057,"epoch/learning_rate":9.999999747378752e-05,"_timestamp":1.7609788225691464e+09,"runtime/train_time_sec":36.21210050582886,"test/roc_auc":0.709856350448016,"epoch/val_AUC":0.7258110642433167,"_step":10,"epoch/epoch":9,"dataset/all_zero_raw":0,"dataset/label0_rate":0.4977578475336323,"dataset/label1_rate":0.5022421524663677,"dataset/all_zero_tda":0,"epoch/accuracy":0.5679486989974976,"epoch/loss":0.6772782802581787,"test/accuracy":0.6666666666666666,"epoch/val_loss":0.675093412399292,"epoch/val_accuracy":0.6407185792922974,"dataset/num_samples":1115,"_wandb":{"runtime":37},"test/loss":0.68764328956604}