{"epoch/val_loss":0.6854557991027832,"epoch/learning_rate":9.999999747378752e-05,"test_roc_auc":0.6933579860617267,"epoch/val_accuracy":0.6407185792922974,"epoch/accuracy":0.5846154093742371,"test_loss":0.6904275417327881,"_runtime":33,"label0_rate":0.4977578475336323,"label1_rate":0.5022421524663677,"epoch/val_AUC":0.7012632489204407,"_step":10,"epoch/AUC":0.6418970227241516,"num_samples":1115,"train_time_sec":33.030866384506226,"all_zero_tda":0,"epoch/loss":0.6743371486663818,"all_zero_raw":0,"auc_avg":0.7162072925638817,"auc_std":0.006826446028918682,"_wandb":{"runtime":33},"test_auc":0.6526098847389221,"test_accuracy":0.5595238095238095,"epoch/epoch":9,"_timestamp":1.760976225615895e+09}