{"auc_avg":0.5128188405797102,"epoch/accuracy":0.5423076748847961,"epoch/learning_rate":9.999999747378752e-05,"epoch/AUC":0.5264384746551514,"auc_std":0.023851247558186878,"epoch/val_loss":0.6902514100074768,"_timestamp":1.7609767458515131e+09,"all_zero_raw":5,"epoch/loss":0.6903443336486816,"all_zero_tda":2,"test_accuracy":0.5059523809523809,"test_auc":0.5,"label0_rate":0.5354260089686098,"label1_rate":0.46457399103139013,"train_time_sec":35.28054404258728,"num_samples":1115,"test_roc_auc":0.45074415308291993,"epoch/val_accuracy":0.5508981943130493,"_step":10,"_runtime":36,"_wandb":{"runtime":36},"test_loss":0.6934271454811096,"epoch/epoch":9,"epoch/val_AUC":0.4749999940395355}