{"test_accuracy":0.49404761904761907,"epoch/loss":0.6760699152946472,"_timestamp":1.7609771196029243e+09,"_step":10,"label0_rate":0.5479820627802691,"train_time_sec":36.54697918891907,"test_roc_auc":0.5234585400425229,"epoch/AUC":0.5931643843650818,"epoch/val_AUC":0.692307710647583,"_runtime":37,"test_loss":0.701340913772583,"label1_rate":0.45201793721973094,"epoch/val_accuracy":0.544910192489624,"epoch/val_loss":0.685478150844574,"auc_avg":0.7147267206477733,"_wandb":{"runtime":37},"epoch/accuracy":0.5602564215660095,"num_samples":1115,"epoch/epoch":9,"epoch/learning_rate":9.999999747378752e-05,"test_auc":0.509425938129425,"all_zero_tda":0,"auc_std":0.0049185227512492475,"all_zero_raw":0}