{"all_zero_tda":0,"epoch/learning_rate":9.999999747378752e-05,"label0_rate":0.5479820627802691,"epoch/AUC":0.6392078399658203,"num_samples":1115,"_runtime":35,"epoch/val_accuracy":0.544910192489624,"test_roc_auc":0.8503189227498229,"epoch/accuracy":0.5602564215660095,"test_accuracy":0.49404761904761907,"auc_std":0.0021914194554173813,"test_auc":0.7136073708534241,"all_zero_raw":0,"train_time_sec":34.45764946937561,"_step":10,"_wandb":{"runtime":35},"label1_rate":0.45201793721973094,"epoch/epoch":9,"epoch/loss":0.6736042499542236,"epoch/val_AUC":0.7582417130470276,"auc_avg":0.7986552920763447,"epoch/val_loss":0.6855916380882263,"test_loss":0.7001829147338867,"_timestamp":1.7609770064148378e+09}