{"dataset/label0_rate":0.5354260089686098,"epoch/AUC":0.5246660709381104,"test/roc_auc":0.4398299078667611,"dataset/num_samples":1115,"epoch/accuracy":0.5397436022758484,"epoch/val_loss":0.690681517124176,"epoch/loss":0.6909132599830627,"test/loss":0.6934153437614441,"dataset/label1_rate":0.46457399103139013,"test/auc_keras":0.5117647051811218,"validation/auc_std":0.015016837500872814,"_timestamp":1.7609797062428348e+09,"_wandb":{"runtime":36},"_runtime":36,"validation/auc_mean":0.47307971014492756,"test/accuracy":0.5059523809523809,"dataset/all_zero_raw":0,"epoch/learning_rate":9.999999747378752e-05,"runtime/train_time_sec":35.30445742607117,"dataset/all_zero_tda":0,"epoch/epoch":9,"epoch/val_accuracy":0.5508981943130493,"epoch/val_AUC":0.4945652186870575,"_step":10}