{"dataset/label0_rate":0.4977578475336323,"epoch/epoch":9,"epoch/val_loss":0.6806434392929077,"epoch/loss":0.6744340062141418,"runtime/train_time_sec":33.85106539726257,"epoch/val_accuracy":0.598802387714386,"dataset/num_samples":1115,"validation/auc_std":0.010219107789644426,"dataset/label1_rate":0.5022421524663677,"test/auc_keras":0.6843976974487305,"epoch/learning_rate":9.999999747378752e-05,"test/roc_auc":0.7307637604892618,"dataset/all_zero_raw":4,"epoch/AUC":0.6172480583190918,"validation/auc_mean":0.7012489233419466,"epoch/val_AUC":0.7024835348129272,"test/loss":0.6891838908195496,"_wandb":{"runtime":34},"dataset/all_zero_tda":2,"test/accuracy":0.6904761904761905,"_timestamp":1.7609791992919588e+09,"epoch/accuracy":0.5653846263885498,"_runtime":34,"_step":10}