{"dataset/all_zero_raw":503,"dataset/label0_rate":0.5354260089686098,"_runtime":34,"validation/auc_std":0.011922527431944526,"epoch/val_accuracy":0.5508981943130493,"epoch/AUC":0.5325430631637573,"test/loss":0.6933318376541138,"epoch/learning_rate":9.999999747378752e-05,"test/auc_keras":0.524238109588623,"epoch/loss":0.6905094981193542,"validation/auc_mean":0.48074637681159427,"runtime/train_time_sec":33.72957253456116,"_timestamp":1.760979882394708e+09,"epoch/epoch":9,"_step":10,"_wandb":{"runtime":34},"dataset/all_zero_tda":465,"epoch/accuracy":0.5384615659713745,"dataset/num_samples":1115,"epoch/val_AUC":0.5,"dataset/label1_rate":0.46457399103139013,"epoch/val_loss":0.6896204352378845,"test/accuracy":0.5059523809523809,"test/roc_auc":0.47965981573352234}