{"epoch/AUC":0.644172191619873,"_wandb":{"runtime":35},"epoch/val_AUC":0.6042922735214233,"dataset/all_zero_raw":0,"epoch/epoch":9,"dataset/num_samples":1115,"dataset/label1_rate":0.5022421524663677,"validation/auc_std":0.005200475112026968,"_step":10,"epoch/val_accuracy":0.5029940009117126,"test/accuracy":0.5059523809523809,"runtime/train_time_sec":34.311851024627686,"test/loss":0.6920762062072754,"test/auc_keras":0.519698441028595,"_runtime":35,"dataset/all_zero_tda":0,"validation/auc_mean":0.6075509618145277,"test/roc_auc":0.5290854785947945,"epoch/learning_rate":9.999999747378752e-05,"epoch/val_loss":0.6780291199684143,"_timestamp":1.7609777929032538e+09,"epoch/loss":0.6724487543106079,"dataset/label0_rate":0.4977578475336323,"epoch/accuracy":0.5910256505012512}