{"_runtime":35,"test/accuracy":0.5357142857142857,"test/auc_keras":0.5216896533966064,"test/roc_auc":0.5110226141373915,"dataset/label0_rate":0.4977578475336323,"_step":10,"_wandb":{"runtime":35},"validation/auc_std":0.006915702833220431,"epoch/AUC":0.6249646544456482,"epoch/val_loss":0.6931259036064148,"dataset/all_zero_tda":133,"validation/auc_mean":0.5078667815101924,"dataset/label1_rate":0.5022421524663677,"epoch/epoch":9,"runtime/train_time_sec":34.31618523597717,"epoch/val_AUC":0.5057421922683716,"test/loss":0.6896995306015015,"_timestamp":1.7609784996397123e+09,"epoch/val_accuracy":0.49700599908828735,"dataset/all_zero_raw":168,"epoch/loss":0.6616330146789551,"epoch/accuracy":0.5743589997291565,"epoch/learning_rate":9.999999747378752e-05,"dataset/num_samples":1115}