{"test/auc_keras":0.6632769107818604,"epoch/learning_rate":9.999999747378752e-05,"epoch/epoch":9,"epoch/accuracy":0.571794867515564,"dataset/num_samples":1115,"_runtime":34,"epoch/val_accuracy":0.598802387714386,"runtime/train_time_sec":33.73585557937622,"epoch/loss":0.6747866868972778,"epoch/val_loss":0.6813421845436096,"test/accuracy":0.5952380952380952,"validation/auc_std":0.005517725174207668,"validation/auc_mean":0.6821346540338789,"test/loss":0.6896167993545532,"epoch/val_AUC":0.6666666865348816,"dataset/all_zero_raw":4,"epoch/AUC":0.6144632697105408,"dataset/label1_rate":0.5022421524663677,"_step":10,"dataset/all_zero_tda":2,"_timestamp":1.760977756566074e+09,"_wandb":{"runtime":34},"test/roc_auc":0.6760062580002845,"dataset/label0_rate":0.4977578475336323}