{"num_samples":1115,"test_roc_auc":0.5631467044649185,"label0_rate":0.5354260089686098,"epoch/epoch":9,"_runtime":36,"test_loss":0.6940262913703918,"label1_rate":0.46457399103139013,"epoch/learning_rate":9.999999747378752e-05,"_wandb":{"runtime":36},"auc_std":0.04646525138446343,"epoch/val_loss":0.6890356540679932,"_timestamp":1.760976670736173e+09,"epoch/accuracy":0.5410256385803223,"train_time_sec":35.88774013519287,"test_auc":0.5,"epoch/loss":0.6894320249557495,"all_zero_tda":2,"epoch/val_AUC":0.48492753505706787,"epoch/val_accuracy":0.5508981943130493,"all_zero_raw":4,"auc_avg":0.5609492753623189,"epoch/AUC":0.5397486686706543,"_step":10,"test_accuracy":0.5059523809523809}