{"epoch/val_loss":0.6829625368118286,"dataset/label1_rate":0.5022421524663677,"dataset/all_zero_raw":4,"epoch/val_AUC":0.6803043484687805,"epoch/loss":0.6775445938110352,"_step":10,"dataset/label0_rate":0.4977578475336323,"epoch/accuracy":0.5512820482254028,"runtime/train_time_sec":34.60870027542114,"epoch/epoch":9,"_timestamp":1.760977950038084e+09,"test/loss":0.6905525922775269,"_wandb":{"runtime":35},"test/roc_auc":0.7006115773005263,"epoch/val_accuracy":0.5508981943130493,"epoch/AUC":0.6166167855262756,"test/auc_keras":0.7080785036087036,"test/accuracy":0.5952380952380952,"validation/auc_mean":0.6765144989951192,"_runtime":35,"dataset/num_samples":1115,"epoch/learning_rate":9.999999747378752e-05,"dataset/all_zero_tda":2,"validation/auc_std":0.02063950461770697}