{"_timestamp":1.7609768952033627e+09,"epoch/learning_rate":9.999999747378752e-05,"epoch/epoch":9,"epoch/val_AUC":0.4945652186870575,"test_auc":0.5,"auc_std":0.0066839567849349135,"all_zero_tda":172,"epoch/accuracy":0.5512820482254028,"num_samples":1115,"label1_rate":0.46457399103139013,"epoch/val_accuracy":0.5508981943130493,"_wandb":{"runtime":35},"train_time_sec":35.02609086036682,"epoch/AUC":0.5311310291290283,"test_loss":0.6936790347099304,"_step":10,"epoch/val_loss":0.689566433429718,"auc_avg":0.6350869565217392,"label0_rate":0.5354260089686098,"_runtime":35,"test_accuracy":0.5059523809523809,"all_zero_raw":213,"epoch/loss":0.6899117231369019,"test_roc_auc":0.4523742026931254}