{"dataset/all_zero_raw":0,"epoch/accuracy":0.5884615182876587,"test/accuracy":0.5,"test/roc_auc":0.5277343194424691,"dataset/num_samples":1115,"dataset/all_zero_tda":0,"epoch/val_loss":0.6769059300422668,"test/loss":0.6921548843383789,"_wandb":{"runtime":34},"validation/auc_mean":0.5962532299741603,"dataset/label1_rate":0.5022421524663677,"epoch/loss":0.6722233891487122,"_step":10,"epoch/val_AUC":0.5994831919670105,"epoch/epoch":9,"epoch/learning_rate":9.999999747378752e-05,"epoch/val_accuracy":0.5029940009117126,"validation/auc_std":0.004002697443469276,"test/auc_keras":0.5059024095535278,"dataset/label0_rate":0.4977578475336323,"_runtime":34,"runtime/train_time_sec":33.52800703048706,"_timestamp":1.7609779857274323e+09,"epoch/AUC":0.6454347968101501}