{"epoch/learning_rate":9.999999747378752e-05,"epoch/accuracy":0.5833333134651184,"_wandb":{"runtime":33},"epoch/loss":0.6880558729171753,"dataset/all_zero_raw":0,"dataset/all_zero_tda":0,"test/loss":0.6934162378311157,"epoch/val_accuracy":0.5508981943130493,"_step":10,"dataset/label1_rate":0.46457399103139013,"validation/auc_mean":0.46604347826086956,"dataset/label0_rate":0.5354260089686098,"dataset/num_samples":1115,"epoch/val_loss":0.6914460062980652,"validation/auc_std":0.03149167648571122,"test/roc_auc":0.45797306874557053,"epoch/val_AUC":0.39971014857292175,"runtime/train_time_sec":32.51215219497681,"test/auc_keras":0.45556342601776123,"test/accuracy":0.5059523809523809,"epoch/AUC":0.5791997909545898,"epoch/epoch":9,"_timestamp":1.7609795621749673e+09,"_runtime":33}