{"dataset/num_samples":1115,"_runtime":35,"_timestamp":1.7609794919988325e+09,"epoch/AUC":0.5794509649276733,"epoch/epoch":9,"epoch/accuracy":0.5397436022758484,"dataset/all_zero_raw":503,"dataset/label1_rate":0.5022421524663677,"epoch/loss":0.6832711100578308,"dataset/label0_rate":0.4977578475336323,"validation/auc_mean":0.3694659776055125,"test/accuracy":0.5833333333333334,"epoch/val_AUC":0.3817111849784851,"test/loss":0.6907585859298706,"_wandb":{"runtime":35},"validation/auc_std":0.0013173414696828769,"epoch/learning_rate":9.999999747378752e-05,"runtime/train_time_sec":34.40391302108765,"epoch/val_accuracy":0.3772455155849457,"_step":10,"test/roc_auc":0.5768027307637604,"test/auc_keras":0.570615828037262,"epoch/val_loss":0.6975210309028625,"dataset/all_zero_tda":465}