{"epoch/val_AUC":0.5422049760818481,"test_loss":0.6906192898750305,"epoch/val_loss":0.684912383556366,"all_zero_raw":0,"epoch/loss":0.6730848550796509,"_runtime":35,"epoch/epoch":9,"num_samples":1115,"epoch/val_accuracy":0.5209580659866333,"epoch/AUC":0.6360151767730713,"train_time_sec":34.47613525390625,"test_roc_auc":0.5595221163419145,"all_zero_tda":0,"_step":10,"epoch/learning_rate":9.999999747378752e-05,"test_accuracy":0.5714285714285714,"_wandb":{"runtime":35},"test_auc":0.5519129037857056,"_timestamp":1.7609774896826327e+09,"epoch/accuracy":0.5846154093742371,"label0_rate":0.4977578475336323,"label1_rate":0.5022421524663677,"auc_std":0.004193908283462305,"auc_avg":0.5353359173126615}