{"auc_avg":0.6096325007177721,"test_loss":0.6922452449798584,"all_zero_tda":2,"epoch/val_AUC":0.5792420506477356,"test_auc":0.5873274803161621,"train_time_sec":35.63446879386902,"_runtime":36,"test_accuracy":0.5952380952380952,"epoch/val_accuracy":0.5329341292381287,"auc_std":0.003430499816055719,"epoch/AUC":0.6172020435333252,"_wandb":{"runtime":36},"epoch/epoch":9,"epoch/loss":0.6892806887626648,"epoch/accuracy":0.5987179279327393,"num_samples":1115,"_timestamp":1.76097633773702e+09,"all_zero_raw":5,"epoch/learning_rate":9.999999747378752e-05,"_step":10,"test_roc_auc":0.6101550277343194,"epoch/val_loss":0.6896600127220154,"label0_rate":0.4977578475336323,"label1_rate":0.5022421524663677}