{"dataset/label1_rate":0.5022421524663677,"_runtime":37,"test/loss":0.6878691911697388,"test/roc_auc":0.7017493955340635,"dataset/all_zero_raw":0,"_timestamp":1.7609779133586724e+09,"_step":10,"epoch/val_accuracy":0.628742516040802,"epoch/epoch":9,"validation/auc_std":0.004841472143564289,"dataset/all_zero_tda":0,"validation/auc_mean":0.7276126902095894,"test/auc_keras":0.6683971285820007,"epoch/learning_rate":9.999999747378752e-05,"dataset/num_samples":1115,"test/accuracy":0.6845238095238095,"epoch/AUC":0.6525233387947083,"epoch/val_loss":0.6760998964309692,"epoch/accuracy":0.5679486989974976,"_wandb":{"runtime":37},"runtime/train_time_sec":36.25166726112366,"epoch/loss":0.6775519847869873,"dataset/label0_rate":0.4977578475336323,"epoch/val_AUC":0.7255240082740784}