{"test_roc_auc":0.45797306874557053,"epoch/epoch":9,"_step":10,"_runtime":35,"all_zero_raw":0,"epoch/learning_rate":9.999999747378752e-05,"epoch/loss":0.6873812675476074,"all_zero_tda":0,"epoch/AUC":0.5460218191146851,"_wandb":{"runtime":35},"auc_avg":0.43632608695652175,"epoch/accuracy":0.5705128312110901,"test_accuracy":0.5059523809523809,"test_auc":0.5,"train_time_sec":35.1523802280426,"epoch/val_loss":0.6900849938392639,"label0_rate":0.5354260089686098,"test_loss":0.6936283111572266,"_timestamp":1.7609766329446547e+09,"label1_rate":0.46457399103139013,"epoch/val_accuracy":0.5508981943130493,"auc_std":0.03330091444948027,"num_samples":1115,"epoch/val_AUC":0.4836956560611725}