{"epoch/epoch":9,"test_roc_auc":0.5810063784549965,"test_accuracy":0.5059523809523809,"epoch/val_AUC":0.5,"test_loss":0.6933430433273315,"label0_rate":0.5354260089686098,"epoch/val_loss":0.6898810863494873,"epoch/learning_rate":9.999999747378752e-05,"_runtime":35,"test_auc":0.5,"_timestamp":1.76097696994819e+09,"all_zero_raw":503,"epoch/AUC":0.5378968715667725,"all_zero_tda":465,"label1_rate":0.46457399103139013,"train_time_sec":34.784589529037476,"_step":10,"auc_avg":0.4987826086956521,"epoch/accuracy":0.5384615659713745,"num_samples":1115,"epoch/val_accuracy":0.5508981943130493,"auc_std":0.015913043478260856,"epoch/loss":0.6908069849014282,"_wandb":{"runtime":35}}