{"dataset/label1_rate":0.46457399103139013,"_runtime":35,"validation/auc_std":0.03501841565508993,"_step":10,"dataset/all_zero_tda":0,"epoch/accuracy":0.5423076748847961,"_timestamp":1.7609786418381853e+09,"epoch/val_loss":0.6895480751991272,"dataset/all_zero_raw":0,"epoch/loss":0.6897173523902893,"test/accuracy":0.5059523809523809,"epoch/val_AUC":0.5063043832778931,"validation/auc_mean":0.4986086956521739,"epoch/val_accuracy":0.5508981943130493,"test/auc_keras":0.5309000611305237,"test/roc_auc":0.5622962437987243,"test/loss":0.6932767629623413,"dataset/num_samples":1115,"_wandb":{"runtime":35},"dataset/label0_rate":0.5354260089686098,"epoch/epoch":9,"epoch/learning_rate":9.999999747378752e-05,"runtime/train_time_sec":35.32095289230347,"epoch/AUC":0.559203028678894}