{"dataset/all_zero_tda":382,"epoch/learning_rate":9.999999747378752e-05,"dataset/label1_rate":0.5022421524663677,"_step":10,"validation/auc_mean":0.5625753660637381,"validation/auc_std":0.0014057341298029922,"runtime/train_time_sec":33.92864680290222,"epoch/val_accuracy":0.5209580659866333,"epoch/val_AUC":0.559287965297699,"_timestamp":1.7609785701441913e+09,"test/auc_keras":0.49075520038604736,"dataset/num_samples":1115,"epoch/loss":0.6753334999084473,"epoch/epoch":9,"_wandb":{"runtime":34},"dataset/all_zero_raw":427,"epoch/val_loss":0.6878694295883179,"test/accuracy":0.5297619047619048,"epoch/AUC":0.6366299390792847,"dataset/label0_rate":0.4977578475336323,"epoch/accuracy":0.5858974456787109,"test/roc_auc":0.4903285450149339,"_runtime":34,"test/loss":0.6935596466064453}