{"epoch/val_accuracy":0.544910192489624,"all_zero_raw":4,"test_loss":0.7018545866012573,"label0_rate":0.5479820627802691,"num_samples":1115,"epoch/loss":0.6783323884010315,"_timestamp":1.7609770811119049e+09,"test_auc":0.5,"_wandb":{"runtime":36},"epoch/learning_rate":9.999999747378752e-05,"epoch/val_AUC":0.6043955683708191,"_runtime":36,"label1_rate":0.45201793721973094,"train_time_sec":35.94569683074951,"all_zero_tda":2,"auc_std":0.03238582444510903,"test_roc_auc":0.5552090715804394,"epoch/epoch":9,"test_accuracy":0.49404761904761907,"_step":10,"epoch/accuracy":0.5602564215660095,"epoch/val_loss":0.688369870185852,"epoch/AUC":0.5608642101287842,"auc_avg":0.7728238866396762}