{"epoch/loss":0.6681528091430664,"_timestamp":1.7609793805420022e+09,"dataset/num_samples":1115,"validation/auc_std":0.006257391535372797,"epoch/val_loss":0.6916093826293945,"dataset/all_zero_raw":168,"test/auc_keras":0.5290143489837646,"dataset/label1_rate":0.5022421524663677,"validation/auc_mean":0.5174418604651162,"runtime/train_time_sec":35.10624980926514,"_runtime":35,"epoch/accuracy":0.5705128312110901,"epoch/epoch":9,"test/accuracy":0.5476190476190477,"epoch/learning_rate":9.999999747378752e-05,"_step":10,"test/roc_auc":0.5322144787370218,"dataset/label0_rate":0.4977578475336323,"dataset/all_zero_tda":133,"_wandb":{"runtime":35},"epoch/AUC":0.6240506172180176,"epoch/val_accuracy":0.4910179674625397,"epoch/val_AUC":0.505239725112915,"test/loss":0.6906136870384216}