{"num_samples":1115,"epoch/val_accuracy":0.6347305178642273,"epoch/val_loss":0.6701948642730713,"test_loss":0.676855742931366,"epoch/AUC":0.6831004023551941,"label1_rate":0.5022421524663677,"all_zero_tda":0,"epoch/val_AUC":0.7545937299728394,"label0_rate":0.4977578475336323,"_timestamp":1.76097730863823e+09,"epoch/learning_rate":9.999999747378752e-05,"test_auc":0.7761342525482178,"epoch/epoch":9,"_wandb":{"runtime":37},"train_time_sec":35.126667737960815,"epoch/loss":0.6713624000549316,"auc_std":0.005238895114233626,"_runtime":37,"epoch/accuracy":0.5692307949066162,"test_roc_auc":0.7826767173943963,"test_accuracy":0.7261904761904762,"_step":10,"all_zero_raw":0,"auc_avg":0.7462029859316681}