{"dataset/label0_rate":0.4977578475336323,"_timestamp":1.7609777208832915e+09,"_runtime":34,"epoch/AUC":0.6465789079666138,"validation/auc_std":0.0032339672895728344,"epoch/epoch":9,"epoch/val_loss":0.6718005537986755,"dataset/all_zero_raw":0,"epoch/val_accuracy":0.6227545142173767,"test/roc_auc":0.6972692362395108,"dataset/num_samples":1115,"_wandb":{"runtime":34},"validation/auc_mean":0.7267226528854436,"epoch/val_AUC":0.7355009913444519,"epoch/learning_rate":9.999999747378752e-05,"test/accuracy":0.5833333333333334,"_step":10,"dataset/all_zero_tda":0,"test/loss":0.6878853440284729,"runtime/train_time_sec":33.483240842819214,"epoch/accuracy":0.5653846263885498,"test/auc_keras":0.6531076431274414,"epoch/loss":0.673775851726532,"dataset/label1_rate":0.5022421524663677}