{"epoch/val_AUC":0.5559144020080566,"test_loss":0.6922675967216492,"test_accuracy":0.5357142857142857,"epoch/accuracy":0.5692307949066162,"epoch/loss":0.6767117381095886,"auc_avg":0.5667456215905828,"all_zero_tda":0,"epoch/AUC":0.6328094601631165,"test_roc_auc":0.5640733892760631,"label0_rate":0.4977578475336323,"epoch/epoch":9,"label1_rate":0.5022421524663677,"_timestamp":1.7609763753999076e+09,"all_zero_raw":0,"num_samples":1115,"auc_std":0.01401544144130813,"epoch/val_accuracy":0.5329341292381287,"train_time_sec":36.03741788864136,"epoch/val_loss":0.6838372349739075,"epoch/learning_rate":9.999999747378752e-05,"_wandb":{"runtime":36},"_runtime":36,"test_auc":0.5614421963691711,"_step":10}