{"test/loss":0.6879088878631592,"test/accuracy":0.6607142857142857,"epoch/val_accuracy":0.6167664527893066,"dataset/label1_rate":0.5022421524663677,"test/auc_keras":0.6779974699020386,"epoch/val_loss":0.6763703227043152,"_wandb":{"runtime":36},"epoch/epoch":9,"epoch/accuracy":0.5692307949066162,"epoch/AUC":0.6525497436523438,"_timestamp":1.7609790232316587e+09,"dataset/all_zero_raw":0,"epoch/learning_rate":9.999999747378752e-05,"runtime/train_time_sec":35.593077659606934,"_step":10,"validation/auc_std":0.0012522190947196474,"validation/auc_mean":0.730246913580247,"epoch/val_AUC":0.7295434474945068,"epoch/loss":0.6769617199897766,"_runtime":36,"dataset/all_zero_tda":0,"dataset/num_samples":1115,"dataset/label0_rate":0.4977578475336323,"test/roc_auc":0.7091452140520551}