{"epoch/epoch":9,"dataset/label1_rate":0.45201793721973094,"epoch/AUC":0.6657304167747498,"epoch/val_accuracy":0.544910192489624,"test/auc_keras":0.8592487573623657,"epoch/loss":0.669964611530304,"dataset/all_zero_raw":0,"_wandb":{"runtime":33},"validation/auc_mean":0.7438331405436668,"dataset/label0_rate":0.5479820627802691,"dataset/num_samples":1115,"epoch/accuracy":0.5602564215660095,"_runtime":33,"epoch/learning_rate":9.999999747378752e-05,"epoch/val_AUC":0.7364083528518677,"test/roc_auc":0.8562721474131821,"test/accuracy":0.49404761904761907,"dataset/all_zero_tda":0,"_step":10,"runtime/train_time_sec":32.8971209526062,"test/loss":0.6825107336044312,"epoch/val_loss":0.6747138500213623,"validation/auc_std":0.0052804933256112635,"_timestamp":1.760979917324665e+09}