{"_runtime":36,"test/auc_keras":0.7772009372711182,"test/loss":0.6789731979370117,"_step":10,"validation/auc_std":0.004264804291310461,"epoch/learning_rate":9.999999747378752e-05,"test/roc_auc":0.7831033992319727,"dataset/label1_rate":0.5022421524663677,"dataset/num_samples":1115,"epoch/val_AUC":0.7534452676773071,"dataset/all_zero_raw":0,"test/accuracy":0.7202380952380952,"_timestamp":1.7609778752915232e+09,"epoch/AUC":0.6819957494735718,"epoch/epoch":9,"epoch/loss":0.6756249666213989,"runtime/train_time_sec":34.650436878204346,"epoch/accuracy":0.5730769038200378,"dataset/all_zero_tda":0,"epoch/val_accuracy":0.652694582939148,"validation/auc_mean":0.7501220212460522,"dataset/label0_rate":0.4977578475336323,"_wandb":{"runtime":36},"epoch/val_loss":0.674308717250824}