{"epoch/epoch":9,"_step":10,"dataset/label0_rate":0.4977578475336323,"epoch/val_accuracy":0.5808383226394653,"dataset/all_zero_raw":213,"epoch/val_loss":0.6891350150108337,"test/auc_keras":0.5106670260429382,"dataset/all_zero_tda":172,"epoch/AUC":0.5998750329017639,"_runtime":36,"_timestamp":1.7609794186256826e+09,"epoch/val_AUC":0.5807493329048157,"epoch/accuracy":0.5525640845298767,"validation/auc_mean":0.5805770887166236,"runtime/train_time_sec":36.01656651496887,"test/roc_auc":0.48911961314180064,"epoch/learning_rate":9.999999747378752e-05,"test/loss":0.6933760643005371,"dataset/num_samples":1115,"_wandb":{"runtime":36},"epoch/loss":0.6658737659454346,"test/accuracy":0.5297619047619048,"validation/auc_std":0.0032290488992798034,"dataset/label1_rate":0.5022421524663677}