{"train_time_sec":37.707439661026,"epoch/epoch":9,"_runtime":39,"_timestamp":1.7609761907803855e+09,"auc_std":0.007088099702361145,"test_loss":0.6910476684570312,"label1_rate":0.5022421524663677,"epoch/val_AUC":0.7110967636108398,"epoch/learning_rate":9.999999747378752e-05,"_wandb":{"runtime":39},"num_samples":1115,"epoch/accuracy":0.5846154093742371,"epoch/val_accuracy":0.5928143858909607,"test_auc":0.6063148379325867,"label0_rate":0.4977578475336323,"epoch/val_loss":0.6893540620803833,"all_zero_tda":0,"all_zero_raw":0,"epoch/loss":0.6829081177711487,"test_accuracy":0.5297619047619048,"_step":10,"test_roc_auc":0.7378751244488694,"auc_avg":0.7280648865920184,"epoch/AUC":0.6345783472061157}