{"test/loss":0.6904664039611816,"epoch/val_accuracy":0.455089807510376,"epoch/learning_rate":9.999999747378752e-05,"runtime/train_time_sec":32.49923133850098,"test/roc_auc":0.58206514009387,"validation/auc_mean":0.3706287683031869,"epoch/AUC":0.5902318358421326,"test/auc_keras":0.5684824585914612,"epoch/epoch":9,"dataset/label1_rate":0.5022421524663677,"dataset/all_zero_tda":465,"epoch/accuracy":0.5897436141967773,"_runtime":33,"epoch/val_AUC":0.4003731906414032,"dataset/label0_rate":0.4977578475336323,"_timestamp":1.7609786048505137e+09,"epoch/val_loss":0.6954143047332764,"_step":10,"dataset/all_zero_raw":503,"validation/auc_std":0.008933837232055713,"epoch/loss":0.6878798007965088,"_wandb":{"runtime":33},"test/accuracy":0.5476190476190477,"dataset/num_samples":1115}