{"epoch/loss":0.678724467754364,"epoch/learning_rate":9.999999747378752e-05,"_wandb":{"runtime":40},"epoch/val_accuracy":0.57485032081604,"dataset/all_zero_raw":0,"dataset/label1_rate":0.5022421524663677,"dataset/all_zero_tda":0,"epoch/AUC":0.6745980381965637,"epoch/accuracy":0.5653846263885498,"dataset/num_samples":1115,"_timestamp":1.760979125120643e+09,"test/roc_auc":0.779689944531361,"runtime/train_time_sec":38.28788208961487,"epoch/val_AUC":0.7403100728988647,"test/loss":0.6816288232803345,"epoch/epoch":9,"test/accuracy":0.6726190476190477,"dataset/label0_rate":0.4977578475336323,"validation/auc_std":0.00329115502465042,"_runtime":40,"test/auc_keras":0.7685962319374084,"validation/auc_mean":0.7429945449325294,"epoch/val_loss":0.6771438717842102,"_step":10}