{"train_time_sec":35.27886462211609,"num_samples":1115,"epoch/learning_rate":9.999999747378752e-05,"all_zero_raw":0,"all_zero_tda":0,"auc_std":0.048554558035988286,"epoch/val_loss":0.6902965903282166,"epoch/AUC":0.5330555438995361,"test_loss":0.6933586597442627,"epoch/val_accuracy":0.5508981943130493,"test_accuracy":0.5059523809523809,"auc_avg":0.5090507246376813,"_runtime":35,"epoch/val_AUC":0.49355071783065796,"_step":10,"_wandb":{"runtime":35},"test_roc_auc":0.48922749822820694,"_timestamp":1.7609765960489233e+09,"label1_rate":0.46457399103139013,"test_auc":0.569383442401886,"epoch/epoch":9,"epoch/loss":0.6896575093269348,"label0_rate":0.5354260089686098,"epoch/accuracy":0.5615384578704834}